job_id,start_time,end_time,status
1000,2024-06-02 05:49:00,2024-06-02 07:06:00,Success
1001,2024-06-01 15:37:00,2024-06-01 16:13:00,Success
1002,2024-06-02 02:36:00,,Success
1003,2024-06-01 09:01:00,,Success
1004,2024-06-02 04:32:00,,Success
1005,2024-06-02 06:10:00,2024-06-02 07:06:00,Success
1006,2024-06-02 04:06:00,2024-06-02 05:31:00,Success
1007,2024-06-01 13:26:00,2024-06-01 14:17:00,Success
1008,2024-06-01 15:20:00,2024-06-01 16:11:00,Success
1009,2024-06-01 20:58:00,,Failed
1010,2024-06-02 04:36:00,2024-06-02 05:08:00,Failed
1011,2024-06-02 02:18:00,2024-06-02 03:47:00,Success
1012,2024-06-02 02:50:00,2024-06-02 04:00:00,Success
1013,2024-06-01 20:20:00,2024-06-01 21:35:00,Success
1014,2024-06-02 06:34:00,2024-06-02 07:22:00,Running
1015,2024-06-01 15:56:00,2024-06-01 16:50:00,Success
1016,2024-06-02 05:41:00,2024-06-02 06:21:00,Success
1017,2024-06-01 15:09:00,2024-06-01 16:23:00,Running
1018,2024-06-02 06:07:00,,Success
1019,2024-06-02 02:13:00,2024-06-02 02:53:00,Success
1020,2024-06-01 17:12:00,2024-06-01 18:22:00,Success
1021,2024-06-01 15:29:00,2024-06-01 16:52:00,Failed
1022,2024-06-01 09:54:00,2024-06-01 10:26:00,Failed
1023,2024-06-01 21:41:00,2024-06-01 22:24:00,Running
1024,2024-06-02 03:21:00,2024-06-02 04:11:00,Success
1025,2024-06-02 01:02:00,2024-06-02 02:30:00,Success
1026,2024-06-01 12:52:00,2024-06-01 13:37:00,Failed
1027,2024-06-02 02:23:00,2024-06-02 03:30:00,Success
1028,2024-06-02 03:55:00,2024-06-02 04:39:00,Running
1029,2024-06-01 12:43:00,2024-06-01 13:18:00,Failed
1030,2024-06-01 11:44:00,2024-06-01 12:24:00,Failed
1031,2024-06-01 22:24:00,2024-06-01 23:18:00,Success
1032,2024-06-01 23:58:00,2024-06-02 01:03:00,Failed
1033,2024-06-01 08:23:00,2024-06-01 09:00:00,Success
1034,2024-06-02 02:19:00,2024-06-02 03:38:00,Success
1035,2024-06-01 11:48:00,2024-06-01 12:28:00,Success
1036,2024-06-01 16:59:00,2024-06-01 18:17:00,Success
1037,2024-06-01 11:37:00,2024-06-01 12:26:00,Failed
1038,2024-06-02 01:19:00,2024-06-02 01:58:00,Success
1039,2024-06-01 13:30:00,2024-06-01 14:49:00,Running
1040,2024-06-01 08:01:00,2024-06-01 09:02:00,Success
1041,2024-06-01 20:23:00,2024-06-01 21:46:00,Failed
1042,2024-06-01 16:10:00,,Failed
1043,2024-06-01 10:41:00,,Success
1044,2024-06-01 10:21:00,2024-06-01 11:25:00,Failed
1045,2024-06-01 12:22:00,2024-06-01 13:52:00,Success
1046,2024-06-01 17:02:00,2024-06-01 18:10:00,Success
1047,2024-06-01 15:13:00,2024-06-01 16:31:00,Failed
1048,2024-06-01 14:51:00,2024-06-01 15:46:00,Running
1049,2024-06-02 06:10:00,2024-06-02 07:37:00,Success
1050,2024-06-01 12:07:00,2024-06-01 12:41:00,Success
1051,2024-06-02 04:04:00,2024-06-02 05:11:00,Success
1052,2024-06-01 10:25:00,2024-06-01 10:58:00,Success
1053,2024-06-01 09:04:00,2024-06-01 09:38:00,Success
1054,2024-06-01 17:30:00,2024-06-01 18:13:00,Success
1055,2024-06-02 03:29:00,2024-06-02 04:14:00,Failed
1056,2024-06-01 21:53:00,2024-06-01 22:29:00,Success
1057,2024-06-01 20:05:00,2024-06-01 21:04:00,Failed
1058,2024-06-01 09:50:00,2024-06-01 11:01:00,Success
1059,2024-06-01 21:44:00,2024-06-01 23:05:00,Failed
1060,2024-06-01 16:29:00,2024-06-01 17:33:00,Success
1061,2024-06-01 22:24:00,2024-06-01 23:23:00,Success
1062,2024-06-01 10:34:00,2024-06-01 11:59:00,Failed
1063,2024-06-01 11:20:00,,Running
1064,2024-06-01 08:30:00,2024-06-01 09:59:00,Failed
1065,2024-06-01 16:04:00,2024-06-01 17:05:00,Success
1066,2024-06-01 21:41:00,2024-06-01 22:21:00,Success
1067,2024-06-01 21:19:00,2024-06-01 22:39:00,Failed
1068,2024-06-01 17:44:00,2024-06-01 19:00:00,Running
1069,2024-06-02 02:58:00,2024-06-02 03:59:00,Success
1070,2024-06-01 18:07:00,2024-06-01 18:40:00,Success
1071,2024-06-02 02:30:00,,Success
1072,2024-06-01 09:42:00,2024-06-01 10:44:00,Running
1073,2024-06-02 02:07:00,2024-06-02 03:09:00,Success
1074,2024-06-01 14:20:00,,Success
1075,2024-06-01 16:01:00,2024-06-01 17:31:00,Failed
1076,2024-06-01 16:24:00,2024-06-01 16:56:00,Success
1077,2024-06-01 22:18:00,2024-06-01 23:24:00,Success
1078,2024-06-01 16:54:00,2024-06-01 18:09:00,Success
1079,2024-06-01 17:03:00,2024-06-01 18:15:00,Success
1080,2024-06-01 23:36:00,2024-06-02 00:54:00,Running
1081,2024-06-01 08:19:00,2024-06-01 09:25:00,Running
1082,2024-06-01 10:30:00,2024-06-01 11:32:00,Success
1083,2024-06-01 19:54:00,2024-06-01 21:20:00,Success
1084,2024-06-01 17:43:00,2024-06-01 19:06:00,Success
1085,2024-06-01 18:19:00,2024-06-01 19:40:00,Success
1086,2024-06-01 08:16:00,2024-06-01 09:21:00,Success
1087,2024-06-02 06:38:00,2024-06-02 08:04:00,Success
1088,2024-06-01 11:56:00,2024-06-01 13:13:00,Success
1089,2024-06-01 17:17:00,2024-06-01 18:00:00,Failed
1090,2024-06-01 14:56:00,2024-06-01 16:20:00,Success
1091,2024-06-02 00:40:00,2024-06-02 02:08:00,Failed
1092,2024-06-01 11:09:00,2024-06-01 12:32:00,Success
1093,2024-06-01 08:07:00,2024-06-01 08:45:00,Success
1094,2024-06-01 16:56:00,2024-06-01 17:54:00,Success
1095,2024-06-01 22:35:00,2024-06-01 23:12:00,Success
1096,2024-06-02 07:35:00,2024-06-02 08:39:00,Success
1097,2024-06-01 20:36:00,2024-06-01 21:15:00,Success
1098,2024-06-01 09:25:00,2024-06-01 10:52:00,Running
1099,2024-06-01 09:21:00,2024-06-01 10:04:00,Success
